Issue Type,Issue key,Summary,Custom field (Feature ID),Custom field (Feature Purpose),RICE Score,Reach,Impact,Confidence,Prod Mgmt Effort Estimate,Prod Mgmt Backend Estimate,Prod Mgmt Frontend Estimate,Feature Dependencies,RICE Assumptions,Description
Feature,PB-27,Customer Profile Update,FID-67891,Customer Feature Request,20.00,500,2,0.9,45,35,10,,Reach is based on approximately 500 customers updating contact information annually. Impact reflects improved self-service and fewer support requests. Confidence is high based on customer feedback and usage trends. PdM effort is based on similar profile-management work and has not been validated by Development.|,"The objectives of this feature are to:

* Allow authenticated customers to update their mailing address, email address and phone number through a web portal.
* Validate submitted information before it is accepted.
* Automate processing of profile update requests.
* Display processing status to the customer.
* Notify customers when processing completes.
* Maintain an audit history of all profile changes.
* Reduce customer support requests related to profile maintenance."
Feature,PB-44,Create a Customer Order,FID-12345,Customer Feature Request,15.00,500,2,0.9,60,30,30,,"Reach is based on approximately 500 customer orders annually. Impact reflects improved purchasing experience and reduced manual order processing. Confidence is high based on current order volumes and documented customer demand. PdM effort includes the expected user interface, order workflow, and backend integrations.","The objectives of this feature are to:

* Allow a customer to place an order from the portal"
Feature,PB-45,New Incident Notifications,FID-92334,Customer Feature Request,2.22,200,1,0.5,45,25,20,,"Reach assumes approximately 200 customers annually will receive incident notifications. Impact reflects improved incident awareness and response. Confidence is lower because notification channels, preferences, and adoption require validation. PdM effort assumes email and in-application notifications only.","The objectives of this feature are to:

* Provide incident notifications at various stages/states"
Feature,PB-46,Support Order Updates,FID-25698,Increase Customer Satisfaction,3.82,300,1,0.7,55,25,30,FID-12345,Reach assumes approximately 300 customers annually will modify existing orders. Impact reflects improved customer satisfaction and fewer support-assisted changes. Confidence is moderate because adoption and backend complexity remain uncertain. PdM effort assumes reuse of the Create a Customer Order capability.,"The objectives of this feature are to:

* Allow customers to update their orders"
Feature,PB-47,Revamp Backend Design,FID-35592,Reduce Technical Debt,7.00,200,1,0.7,20,10,10,,"Reach represents approximately 200 customers indirectly benefiting from improved reliability, performance, and maintainability. Impact is lower because the primary value is technical-debt reduction. Confidence is moderate because Engineering has not assessed the redesign scope. PdM effort reflects the currently known backend components.|","The objectives of this feature are to:

* Redesign backend software which has been extended over time to support enhancements quickly without the best design in mind."
